#000	bg	--t-bg
#000000a6	bg	--t-bg
#070908	bg	--t-bg
#080a0b	bg	--t-bg
#090c0b	bg	--t-bg
#0a0d0c	bg	--t-bg
#0b0d0c	bg	--t-bg
#0b0e0d	bg	--t-bg
#0b110d	bg	--t-bg
#0c0f0e	c	--t-on-accent
#0d0f0e	bg	--t-bg
#0d100f	bg	--t-bg
#0d100fb8	bg	--t-bg
#0d1210	bg	--t-bg
#0d130e	bg	--t-bg
#0d150d	bg	--t-surface
#0d1514	bg	--t-surface
#0d1826	bg	--t-accent
#0e1110	bg	--t-bg
#0e1210	bg	--t-bg
#0e1211	bg	--t-bg
#0f0f1a	bg	--t-bg
#0f1211	bg	--t-bg
#0f1211	c	--t-on-accent
#0f1a18	bg	--t-surface
#101212	bg	--t-bg
#101212	c	--t-on-accent
#1012124d	bg	--t-bg
#10121255	bg	--t-bg
#101212cc	bg	--t-bg
#101212d9	bg	--t-bg
#101212e0	bg	--t-bg
#101312	bg	--t-surface
#101312	c	--t-on-accent
#101613	bg	--t-surface
#101719	bg	--t-surface
#10191800	bg	--t-surface
#101918b8	bg	--t-surface
#101c16d9	bg	--t-surface
#101d15	bg	--t-surface
#10b981	bd	--t-safe
#10b981	bg	--t-safe
#10b981	c	--t-safe
#10b98115	bg	--t-safe
#10b98118	bg	--t-safe
#10b98133	bd	--t-safe
#10b98135	bd	--t-safe
#111	c	--t-on-accent
#111313	bg	--t-surface
#11131300	bg	--t-surface
#11131316	bg	--t-surface
#11131322	bg	--t-surface
#11131344	bg	--t-surface
#1113139c	bg	--t-surface
#111313a3	bg	--t-surface
#111313a6	bg	--t-surface
#111313aa	bg	--t-surface
#111313ed	bg	--t-surface
#111313f0	bg	--t-surface
#111413	bg	--t-surface
#111413	c	--t-on-accent
#111614	bg	--t-surface
#111714	bg	--t-surface
#111a16	bg	--t-surface
#111a16c9	bg	--t-surface
#112014cb	bg	--t-surface
#121514	bg	--t-surface
#121614	bg	--t-surface
#121615	bg	--t-surface
#121815	bg	--t-surface
#131615	bg	--t-surface
#131716	bg	--t-surface
#131916	bg	--t-surface
#132018	c	--t-on-accent
#141716	bg	--t-surface
#141716	c	--t-on-accent
#141816	bg	--t-surface
#141817	bg	--t-surface
#141917	bg	--t-surface
#141b17	bg	--t-surface
#141b18	bd	--t-line
#15110d	bg	--t-bg
#151817	bg	--t-surface
#151918	bg	--t-surface
#151a17	bg	--t-surface
#151b1933	bg	--t-surface
#151c18	bg	--t-surface
#151f18c9	bg	--t-surface
#152019	bd	--t-line
#161a18	bg	--t-surface
#161a18	c	--t-on-accent
#161a19	bg	--t-surface
#161b18	bg	--t-surface
#161b1a	bg	--t-surface
#161c18	bg	--t-surface
#161c19	bg	--t-surface
#161d19	bg	--t-surface
#161e1a	bg	--t-surface
#171a19	bg	--t-surface
#171c19	bg	--t-surface
#171c1b	bg	--t-surface
#172019	c	--t-on-accent
#17201a	c	--t-on-accent
#17201e	bg	--t-surface
#17231b	bg	--t-surface-2
#181c1a	bg	--t-surface
#181c1b	bg	--t-surface
#181d1a	bg	--t-surface
#181d1c	bg	--t-surface
#18201c	bd	--t-line
#18221ade	bg	--t-surface-2
#191e1c	bg	--t-surface
#191e1d	bg	--t-surface
#19201d	bd	--t-line
#19211d	bg	--t-surface
#19221b	bg	--t-surface-2
#19221bac	bg	--t-surface-2
#19221d	bd	--t-line
#19221d	bg	--t-surface-2
#19241c	bg	--t-surface-2
#19241e	bg	--t-surface-2
#1a1d1b	bg	--t-surface
#1a201d	bg	--t-surface
#1a201e	bg	--t-surface
#1a201ead	bg	--t-surface
#1a231f	bd	--t-line
#1a251e	bg	--t-surface-2
#1a281f	bg	--t-surface-2
#1a2a20	bg	--t-surface-2
#1b201e	bg	--t-surface
#1b211e	bg	--t-surface-2
#1b221e	bg	--t-surface-2
#1b2220	bg	--t-surface-2
#1b251c	bg	--t-surface-2
#1b271f	bg	--t-surface-2
#1b291f	bg	--t-surface-2
#1c1813	bg	--t-surface
#1c201e	bg	--t-surface
#1c2220	bg	--t-surface-2
#1c2221	bg	--t-surface-2
#1c2420	bd	--t-line
#1c2420	bg	--t-surface-2
#1c251e	bg	--t-surface-2
#1c2621	bg	--t-surface-2
#1c2a21	bg	--t-surface-2
#1c2b21	bg	--t-surface-2
#1d2120	bg	--t-surface-2
#1d2420	bg	--t-surface-2
#1d2921	bg	--t-surface-2
#1e2422	bg	--t-surface-2
#1e2924	bd	--t-line
#1e293b	bg	--t-surface-2
#1e2b24	bg	--t-surface-2
#1f1813	bg	--t-surface
#1f2523	bg	--t-surface-2
#1f2723	bd	--t-line
#1f2a24	bd	--t-line
#202624	bg	--t-surface-2
#202725	bd	--t-line
#202823	bg	--t-surface-2
#202a22	bg	--t-surface-2
#202b24	bg	--t-surface-2
#202c21	bg	--t-surface-2
#213021	bg	--t-surface-2
#222927	bg	--t-surface-2
#223025	bg	--t-surface-2
#232a27	bd	--t-line
#232b29	bd	--t-line
#232d28	bd	--t-line
#232d2b	bd	--t-line
#233029	bd	--t-line
#23302a	bd	--t-line
#23302b	bd	--t-line
#23332a	bg	--t-surface-2
#233621	bg	--t-surface-2
#242b29	bg	--t-surface-2
#243025	bg	--t-surface-2
#252e2b	bd	--t-line
#252e2b	bg	--t-surface-2
#252e2c	bg	--t-surface-2
#262f2c	bg	--t-surface-2
#263523	bg	--t-surface-2
#27382f	bg	--t-surface-2
#283025	bg	--t-surface-2
#283029	bg	--t-surface-2
#28312e	bg	--t-surface-2
#28332e	bd	--t-line
#283730	bd	--t-line
#29302b	bg	--t-surface-2
#293322	bg	--t-surface-2
#293625	bg	--t-surface-2
#2a2f2a	bg	--t-surface-2
#2a3532	bd	--t-line
#2b3625	bg	--t-surface-2
#2b3830	bd	--t-line
#2c3927	bg	--t-surface-2
#2d3835	bd	--t-line
#2d3b32	bd	--t-line
#2d3c2b	bg	--t-surface-2
#2e3d36	bd	--t-line
#2f4036	bd	--t-line
#2f9e8c	c	--t-safe
#30362c	bg	--t-surface-2
#313c38	bd	--t-line
#333b35	bd	--t-line
#333f3b	bd	--t-line
#343b36	bd	--t-line
#34473d	bd	--t-border
#34d399	c	--t-ok
#34d39914	bg	--t-ok
#34d39933	bd	--t-ok
#34d39955	bd	--t-ok
#34d39999	bd	--t-ok
#354c2e	bg	--t-muted
#36362a2e	bg	--t-surface-2
#36423f	bd	--t-border
#38bdf8	bd	--t-safe
#394139	bd	--t-line
#394642	bd	--t-border
#3a3326	bg	--t-surface-2
#3a33262e	bg	--t-surface-2
#3b4845	bd	--t-border
#3b5046	bd	--t-border
#3c443c	bd	--t-border
#3d423c	c	--t-on-accent
#3d4a46	bd	--t-border
#3f4e60	bd	--t-border
#40513b	bd	--t-border
#425b36	bd	--t-border
#435450	bd	--t-border
#43554a	bd	--t-border
#454e3f55	bd	--t-border
#455d4f	bd	--t-border
#46504a	bd	--t-border
#47553e55	bd	--t-border
#47553e66	bd	--t-border
#485440	bd	--t-border
#48544055	bd	--t-border
#49583d	bd	--t-border
#4ade80	bg	--t-ok
#4ade80	c	--t-ok
#4b554644	bd	--t-border
#4b624166	bd	--t-border
#4c603f66	bd	--t-border
#4c6041	bd	--t-border
#4d623d66	bd	--t-border
#4f6e3d66	bd	--t-border
#51634b	bd	--t-border
#52604b	bd	--t-border
#52674266	bd	--t-border
#536449	bd	--t-border
#53694566	bd	--t-border
#536b44	bd	--t-border
#536c4166	bd	--t-border
#536f3c55	bd	--t-border
#53763d66	bd	--t-border
#55674355	bd	--t-border
#55734444	bd	--t-border
#566157	bd	--t-border
#56634840	bd	--t-border
#56635a	bd	--t-border
#56635a	bg	--t-muted
#57684c44	bd	--t-border
#58634c	bd	--t-border
#5b6a5e	bd	--t-border
#5b6a5e	c	--t-fg-2
#5c381c	bd	--t-border
#5c7d4266	bd	--t-border
#5cc2b0	c	--t-safe
#607355	bd	--t-border
#607449	bd	--t-border
#61704f	bd	--t-border
#61754b66	bd	--t-border
#627b4855	bd	--t-border
#637e4555	bd	--t-border
#637f50	bd	--t-border
#64765066	bd	--t-border
#677166	bd	--t-border
#677d5066	bd	--t-border
#68746b	c	--t-fg-2
#697266	bd	--t-border
#6a805455	bd	--t-border
#6b8058	bd	--t-border
#6c796b	bg	--t-muted
#6c7c5e55	bd	--t-border
#6d856133	bd	--t-border
#727f75	c	--t-fg-2
#7486ab	bg	--t-muted
#758b60	bd	--t-border
#768379	c	--t-fg-2
#768d69	c	--t-fg-2
#778873	c	--t-fg-2
#78522e	bg	--t-accent
#78522e	c	--t-accent
#7b8e78	c	--t-fg-2
#7c8c68	bd	--t-border
#7c8f72	c	--t-fg-2
#7d8f84	c	--t-fg-2
#7d9073	c	--t-fg-2
#7f877e	bg	--t-muted
#7f877e	c	--t-fg-2
#7f8b81	c	--t-fg-2
#7f8b82	c	--t-fg-2
#7fd6c4	c	--t-safe
#818f78	c	--t-fg-2
#819775	c	--t-fg-2
#829078	c	--t-fg-2
#87987b	c	--t-fg-2
#88958b	c	--t-fg-2
#889688	c	--t-fg-2
#89987e	c	--t-fg-2
#899a80	c	--t-fg-2
#8a6a48	bd	--t-accent
#8a9286	c	--t-fg-2
#8c978b	bd	--t-border
#8c9e92	c	--t-fg-2
#8c9e93	c	--t-fg-2
#8d9289	c	--t-fg-2
#8d998e	c	--t-fg-2
#8f9988	c	--t-fg-2
#8f9c8f	c	--t-fg-2
#8f9d6b	bg	--t-muted
#8fa08e	c	--t-fg-2
#8fa093	c	--t-fg-2
#919990	c	--t-fg-2
#929e94	c	--t-fg-2
#92a498	c	--t-fg-2
#939e8e	c	--t-fg-2
#93a582	c	--t-fg-2
#94a392	c	--t-fg-2
#94a397	c	--t-fg-2
#94a3b8	c	--t-fg-2
#959b96	c	--t-fg-2
#95a785	c	--t-fg-2
#969c9077	bd	--t-border
#979e91	c	--t-fg-2
#989e98	c	--t-fg-2
#98a38f	c	--t-fg-2
#99ab83	c	--t-fg-2
#9a9186	c	--t-fg-2
#9aa69c	c	--t-fg-2
#9aa89a	c	--t-fg-2
#9cad90	c	--t-fg-2
#9d9b8e	c	--t-fg-2
#9dad92	c	--t-fg-2
#9ea996	c	--t-fg-2
#9eaf8c	c	--t-fg-2
#9eb09a	c	--t-fg-2
#9eb1a3	c	--t-fg-2
#9fa99d	c	--t-fg-2
#a0a59b	c	--t-fg-2
#a2a47744	bd	--t-border
#a2b092	c	--t-fg-2
#a39267	c	--t-fg-2
#a3b198	c	--t-fg-2
#a4a99e	c	--t-fg-2
#a4b28e	c	--t-fg-2
#a4b6aa	c	--t-fg-2
#a5b092	c	--t-fg-2
#a5b09c	c	--t-fg-2
#a6af9f	c	--t-fg-2
#a7b598	c	--t-fg-2
#a7b69a	c	--t-fg-2
#a8b2a6	c	--t-fg-2
#a8b5a4	c	--t-fg-2
#a9b8c8	c	--t-fg
#aab3a8	c	--t-fg-2
#aab4ab	c	--t-fg-2
#aabc92	c	--t-fg
#abb993	c	--t-fg
#acc192	c	--t-fg
#adb89c	c	--t-fg
#aeb5aa	bd	--t-border
#aeb7a9	c	--t-fg
#aeb8a0	c	--t-fg
#aebaa0	c	--t-fg
#b0bcab	c	--t-fg
#b0bda5	c	--t-fg
#b0bfa7	c	--t-fg
#b1b7b0	c	--t-fg
#b1bca1	c	--t-fg
#b1bca9	c	--t-fg
#b1c0a3	c	--t-fg
#b2966b	bd	--t-accent
#b2b78b66	bd	--t-border
#b2bcb1	c	--t-fg
#b5b3a6	c	--t-fg-2
#b69c71	bd	--t-accent
#b6a675	c	--t-accent
#b6b99440	bd	--t-border
#b6bdaf	bd	--t-border
#b6c5a3	c	--t-fg
#b7b398	c	--t-fg-2
#b7bd9e	c	--t-fg
#b8c4b5	c	--t-fg
#b8c8ad	c	--t-fg
#b9c2a9	c	--t-fg
#b9c4b8	c	--t-fg
#bdbd8c	bg	--t-muted
#bea26f	c	--t-accent
#bec3bb	c	--t-fg
#bfa26f	c	--t-accent
#c0d4c6	c	--t-fg
#c1b783	bg	--t-muted
#c2a676	c	--t-accent
#c2b79f	c	--t-fg
#c5c2b3	c	--t-fg
#c6a379	bg	--t-accent
#c7bfaf	c	--t-fg
#c8bb9d	c	--t-fg
#c8c8a42b	bd	--t-fg
#c8d1c8	c	--t-fg
#c9b38c	c	--t-accent
#c9c4b6	c	--t-fg
#c9dbc3	c	--t-fg
#cac7b4	c	--t-fg
#cbb890	c	--t-accent
#cbd5e1	c	--t-fg
#ccaa71	c	--t-accent
#ccb085	bg	--t-accent
#ccd5c7	c	--t-fg
#ccd8ce	c	--t-fg
#cde6d5	c	--t-fg
#d0b28a	bd	--t-accent
#d0b28a	bg	--t-accent
#d0b58c	c	--t-accent
#d1c8b8	c	--t-fg
#d3b07b	bd	--t-accent
#d3b07b	bg	--t-accent
#d3b07d	c	--t-accent
#d3b482	c	--t-accent
#d3c497	c	--t-accent
#d3dbc7	c	--t-fg
#d4a36e	bd	--t-accent
#d4a36e	c	--t-accent
#d4a36e12	bg	--t-accent
#d4a36e14	bg	--t-accent
#d4a36e15	bg	--t-accent
#d4a36e18	bg	--t-accent
#d4a36e1c	bg	--t-accent
#d4a36e1f	bg	--t-accent
#d4a36e22	bg	--t-accent
#d4a36e33	bd	--t-accent
#d4a36e40	bd	--t-accent
#d4a36e44	bd	--t-accent
#d4a36e55	bd	--t-accent
#d4a36e66	bd	--t-accent
#d4a36e88	bd	--t-accent
#d4ad7b	bg	--t-accent
#d4b47b	c	--t-accent
#d4b68f	c	--t-accent
#d4c9b5	c	--t-fg
#d5c4a4	c	--t-accent
#d5cba9	c	--t-fg
#d5cfb8	c	--t-fg
#d88b48	bd	--t-accent
#d88b48	bg	--t-accent
#d8c9a4	c	--t-accent
#d9ba89	c	--t-accent
#dbc198	c	--t-accent
#dbe4dd	c	--t-fg
#dbe4de	c	--t-fg
#dcc397	c	--t-accent
#ddd2ae	c	--t-accent
#ddd3b6	c	--t-accent
#ddd5c3	c	--t-fg
#ddd6c6	c	--t-fg
#dfe7ef	c	--t-fg
#e1e2d7	bg	--t-plate
#e2b380	bg	--t-accent
#e2ede5	c	--t-fg
#e3ddc5	c	--t-fg
#e4c08c	c	--t-accent
#e4c490	c	--t-accent
#e4d1af	c	--t-accent
#e4dccb	bg	--t-accent
#e4ddc7	c	--t-accent
#e5ede7	c	--t-fg
#e6c28e	c	--t-accent
#e6dfcf	c	--t-accent
#e6e1d6	c	--t-fg
#e8927c	c	--t-danger
#e8a08a	bd	--t-danger
#e8a08a	c	--t-danger
#e8dcc4	c	--t-accent
#e9bf83	c	--t-accent
#e9c495	bg	--t-accent
#e9d3ac	c	--t-accent
#ede5d5	c	--t-accent
#edf2ee	c	--t-fg
#eee	bg	--t-plate
#eee	c	--t-fg
#eee6d4	c	--t-accent
#eee6d488	bd	--t-accent
#eee6d7	c	--t-accent
#eeeae2	bg	--t-plate
#eeeae2	c	--t-fg
#efe9d8	c	--t-accent
#efe9dc	c	--t-fg
#f1e6d0	c	--t-accent
#f1f5f2	c	--t-fg
#f2ddb6	c	--t-accent
#f3d6b1	c	--t-accent
#f3e8d2	bg	--t-accent
#f3e8d2	c	--t-accent
#f3ead9	c	--t-fg
#f3eadc	c	--t-fg
#f3eee3	c	--t-fg
#f5eedb	c	--t-fg
#f6ede0	c	--t-fg
#f6f4ef	bg	--t-plate
#f7a95e	c	--t-accent
#fbfaf6	bg	--t-plate
#ffe0b2	c	--t-accent
#fff	bg	--t-plate
#fff	c	--t-fg
#ffffff	c	--t-fg
#ffffff10	bd	--t-fg
#ffffff12	bd	--t-fg
#ffffff13	bd	--t-fg
#ffffff14	bd	--t-fg
#ffffff15	bd	--t-fg
#ffffff16	bd	--t-fg
#ffffff17	bd	--t-fg
#ffffff1a	bd	--t-fg
#ffffff1c	bd	--t-fg
#ffffff1f	bd	--t-fg
#ffffff20	bd	--t-fg
#ffffff22	bd	--t-fg
#ffffff26	bd	--t-fg
#ffffff33	bd	--t-fg
#ffffff55	bd	--t-fg
